subject,difficulty,correct
ACV001,easy,0.889763779527559
ACV001,hard,0.6567164179104478
ACV001,medium,0.7651515151515151
ACV002,easy,0.9472779369627508
ACV002,hard,0.6878944348823867
ACV002,medium,0.8452102803738317
ACV004,easy,0.8794701986754967
ACV004,hard,0.6176470588235294
ACV004,medium,0.7506925207756233
ACV008,easy,0.8875291375291375
ACV008,hard,0.6131516587677726
ACV008,medium,0.7465214761040533
ACV010,easy,0.86810551558753
ACV010,hard,0.6145320197044335
ACV010,medium,0.7488317757009346
